<platform xmlns="http://ns.adobe.com/air/extension/32.0">
    <packagedDependencies>
		<packagedDependency>collection-1.1.0.jar</packagedDependency>
		<packagedDependency>play-services-ads-21.0.0.jar</packagedDependency>
		<packagedDependency>play-services-ads-base-21.0.0.jar</packagedDependency>
		<packagedDependency>play-services-ads-identifier-18.0.0.jar</packagedDependency>
		<packagedDependency>play-services-ads-lite-21.0.0.jar</packagedDependency>
		<packagedDependency>play-services-basement-18.0.0.jar</packagedDependency>
		<packagedDependency>play-services-measurement-base-20.1.2.jar</packagedDependency>
		<packagedDependency>play-services-measurement-sdk-api-20.1.2.jar</packagedDependency>
		<packagedDependency>core-1.6.0.jar</packagedDependency>
		<packagedDependency>play-services-tasks-18.0.1.jar</packagedDependency>
    </packagedDependencies>
     <packagedResources>
        <packagedResource>
            <packageName>com.google.android.gms.common</packageName>
            <folderName>play-services-basement-18.0.0.aar</folderName>
        </packagedResource>
        <packagedResource>
            <packageName>com.google.android.gms.ads</packageName>
            <folderName>play-services-ads-lite-21.0.0.aar</folderName>
        </packagedResource>
        <packagedResource>
            <packageName>com.google.android.gms.ads.impl</packageName>
            <folderName>play-services-ads-21.0.0.aar</folderName>
        </packagedResource>
        <packagedResource>
            <packageName>androidx.core</packageName>
            <folderName>core-1.6.0.aar</folderName>
        </packagedResource>
    </packagedResources>
</platform>